Year,Sum of Sales,Category
2012,756084.2159999989,Furniture
2012,675714.6181999969,Office Supplies
2012,827652.0613399994,Technology
2013,858821.8300999993,Furniture
2013,795175.3549999989,Office Supplies
2013,1023441.5092999986,Technology
2014,1117629.0813999984,Furniture
2014,1010812.1139000009,Office Supplies
2014,1277305.2540799922,Technology
2015,1377916.77079999,Furniture
2015,1305790.4263999872,Office Supplies
2015,1616158.673359991,Technology
